# Stage 6D-A4 — REAL PRODUCER-AUTHORED corpus provenance. Files were fetched to scratch storage and deleted; none is committed.
# Reference-test sources (3MF Consortium test_suites, 3mf-samples, lib3mf, assimp, tinyobjloader, numpy-stl, admesh, CuraEngine) are summarised in the Stage 6D-A4 design section.
# class	source	commit	path	bytes	sha256	format	zip	production_path	required_ext	application	expected	actual	parts	triangles
REAL PRODUCER-AUTHORED	github.com/prusa3d/PrusaSlicer	6f510128d7c2	src/slic3r-shared/test/data/fdm_roundtrip1.3mf	42568	f14d9c803e38eee1	3mf	zip32	no	-	PrusaSlicer-2.9.6	import (refuse OBJ polygons by policy)	imported	2	72
REAL PRODUCER-AUTHORED	github.com/prusa3d/PrusaSlicer	6f510128d7c2	src/slic3r-shared/test/data/fdm_roundtrip2.3mf	27776	ef635f005ec6dca8	3mf	zip32	no	-	PrusaSlicer-2.9.6	import (refuse OBJ polygons by policy)	imported	2	72
REAL PRODUCER-AUTHORED	github.com/prusa3d/PrusaSlicer	6f510128d7c2	src/slic3r-shared/test/data/sla_roundtrip1.3mf	14566	ade4edf87bbd0318	3mf	zip32	no	-	PrusaSlicer-2.9.2	import (refuse OBJ polygons by policy)	imported	1	24
REAL PRODUCER-AUTHORED	github.com/prusa3d/PrusaSlicer	6f510128d7c2	src/slic3r-shared/test/data/sla_roundtrip2.3mf	15304	3e6e2af09f88f450	3mf	zip32	no	-	PrusaSlicer-2.9.2	import (refuse OBJ polygons by policy)	imported	1	24
REAL PRODUCER-AUTHORED	github.com/prusa3d/PrusaSlicer	6f510128d7c2	src/slic3r-shared/test/data/wipe_tower.3mf	32730	e29ae5594879dd90	3mf	zip32	no	-	PrusaSlicer-2.9.0	import (refuse OBJ polygons by policy)	imported	1	36
REAL PRODUCER-AUTHORED	github.com/prusa3d/PrusaSlicer	6f510128d7c2	tests/data/seam_test_object.3mf	2514963	9fa91ee2f54a33dc	3mf	zip32	no	-	PrusaSlicer-2.8.0-alpha3	import (refuse OBJ polygons by policy)	imported	1	225154
REAL PRODUCER-AUTHORED	github.com/bambulab/BambuStudio	77b9dd94d1e3	resources/calib/filament_flow/flowrate-test-pass1.3mf	142970	f71b839130000caa	3mf	zip64	no	-	-	import (refuse OBJ polygons by policy)	imported	9	6920
REAL PRODUCER-AUTHORED	github.com/bambulab/BambuStudio	77b9dd94d1e3	resources/calib/filament_flow/flowrate-test-pass2.3mf	123202	b67d9c294b357987	3mf	zip64	no	-	-	import (refuse OBJ polygons by policy)	imported	10	5596
REAL PRODUCER-AUTHORED	github.com/bambulab/BambuStudio	77b9dd94d1e3	resources/calib/pressure_advance/auto_pa_line_dual.3mf	29649	f06f8914ad2c7b1f	3mf	zip32	yes	p	BambuStudio-02.00.02.01	import (refuse OBJ polygons by policy)	imported	16	192
REAL PRODUCER-AUTHORED	github.com/bambulab/BambuStudio	77b9dd94d1e3	resources/calib/pressure_advance/auto_pa_line_single.3mf	28096	0471cf345fffa68e	3mf	zip32	yes	p	BambuStudio-02.00.02.01	import (refuse OBJ polygons by policy)	imported	8	96
REAL PRODUCER-AUTHORED	github.com/bambulab/BambuStudio	77b9dd94d1e3	resources/calib/pressure_advance/pa_pattern.3mf	23059	2e2c0e271a50c6f8	3mf	zip32	yes	p	BambuStudio-01.07.03.04	import (refuse OBJ polygons by policy)	imported	1	12
REAL PRODUCER-AUTHORED	github.com/bambulab/BambuStudio	77b9dd94d1e3	resources/calib/pressure_advance/pressure_advance_test.stl	126684	ab995a94294fcf32	stl	-	-	-	-	import (refuse OBJ polygons by policy)	imported	1	2532
REAL PRODUCER-AUTHORED	github.com/bambulab/BambuStudio	77b9dd94d1e3	resources/calib/pressure_advance/tower.stl	316684	0b1fbd327eefb9eb	stl	-	-	-	-	import (refuse OBJ polygons by policy)	imported	1	6332
REAL PRODUCER-AUTHORED	github.com/bambulab/BambuStudio	77b9dd94d1e3	resources/calib/pressure_advance/tower_with_seam.stl	30284	656b86be65b1829a	stl	-	-	-	-	import (refuse OBJ polygons by policy)	imported	1	604
REAL PRODUCER-AUTHORED	github.com/bambulab/BambuStudio	77b9dd94d1e3	resources/calib/retraction/retraction_tower.stl	1766484	22da1ae15f4e3cf5	stl	-	-	-	-	import (refuse OBJ polygons by policy)	imported	1	35328
REAL PRODUCER-AUTHORED	github.com/bambulab/BambuStudio	77b9dd94d1e3	resources/calib/temperature_tower/temperature_tower.stl	3186484	ba74c8fc9334a321	stl	-	-	-	-	import (refuse OBJ polygons by policy)	imported	1	63728
REAL PRODUCER-AUTHORED	github.com/bambulab/BambuStudio	77b9dd94d1e3	resources/calib/vfa/VFA.stl	1487684	0be65dff186e082e	stl	-	-	-	-	import (refuse OBJ polygons by policy)	imported	1	29752
REAL PRODUCER-AUTHORED	github.com/bambulab/BambuStudio	77b9dd94d1e3	resources/model/3DBenchy.stl	11257784	bda2c80f10195078	stl	-	-	-	-	import (refuse OBJ polygons by policy)	imported	1	225154
REAL PRODUCER-AUTHORED	github.com/bambulab/BambuStudio	77b9dd94d1e3	resources/model/Bambu_Cube.stl	43484	7e006bc455d455d4	stl	-	-	-	-	import (refuse OBJ polygons by policy)	imported	1	868
REAL PRODUCER-AUTHORED	github.com/bambulab/BambuStudio	77b9dd94d1e3	resources/model/Bambu_Cube_V2.stl	665984	992f3eaf46c6891b	stl	-	-	-	-	import (refuse OBJ polygons by policy)	imported	1	13318
REAL PRODUCER-AUTHORED	github.com/bambulab/BambuStudio	77b9dd94d1e3	resources/model/Disc.stl	72084	1a94e3d30e71c168	stl	-	-	-	-	import (refuse OBJ polygons by policy)	imported	1	1440
REAL PRODUCER-AUTHORED	github.com/bambulab/BambuStudio	77b9dd94d1e3	resources/model/TearDrop.stl	103784	3d6ecfc5778b2203	stl	-	-	-	-	import (refuse OBJ polygons by policy)	imported	1	2074
REAL PRODUCER-AUTHORED	github.com/bambulab/BambuStudio	77b9dd94d1e3	resources/model/cone.stl	25584	55bce1fe223cb307	stl	-	-	-	-	import (refuse OBJ polygons by policy)	imported	1	510
REAL PRODUCER-AUTHORED	github.com/bambulab/BambuStudio	77b9dd94d1e3	resources/model/double_tear_romboid_cylinder.stl	19084	a560d33f2f5a51e9	stl	-	-	-	-	import (refuse OBJ polygons by policy)	imported	1	380
REAL PRODUCER-AUTHORED	github.com/bambulab/BambuStudio	77b9dd94d1e3	resources/model/ksr_FDMTest.stl	2877384	66c3b5a5e49266c3	stl	-	-	-	-	import (refuse OBJ polygons by policy)	imported	1	57546
REAL PRODUCER-AUTHORED	github.com/bambulab/BambuStudio	77b9dd94d1e3	resources/model/rounded_rectangle.stl	6284	d6f6f152d0180277	stl	-	-	-	-	import (refuse OBJ polygons by policy)	imported	1	124
REAL PRODUCER-AUTHORED	github.com/bambulab/BambuStudio	77b9dd94d1e3	resources/model/torus.stl	153684	b867943480af4420	stl	-	-	-	-	import (refuse OBJ polygons by policy)	imported	1	3072
REAL PRODUCER-AUTHORED	github.com/SoftFever/OrcaSlicer	db91d4b63046	resources/calib/filament_flow/Orca-LinearFlow.3mf	256455	c998359cef8c247c	3mf	zip64	no	-	-	import (refuse OBJ polygons by policy)	imported	11	15160
REAL PRODUCER-AUTHORED	github.com/SoftFever/OrcaSlicer	db91d4b63046	resources/calib/filament_flow/Orca-LinearFlow_fine.3mf	357844	15f3e750122e4663	3mf	zip32	no	-	-	import (refuse OBJ polygons by policy)	imported	16	27976
REAL PRODUCER-AUTHORED	github.com/SoftFever/OrcaSlicer	db91d4b63046	resources/calib/filament_flow/flowrate-test-pass1.3mf	151525	6e86280ef6dd912d	3mf	zip64	no	-	-	import (refuse OBJ polygons by policy)	imported	9	7136
REAL PRODUCER-AUTHORED	github.com/SoftFever/OrcaSlicer	db91d4b63046	resources/calib/filament_flow/flowrate-test-pass2.3mf	142301	b2ac0302c36a810f	3mf	zip64	no	-	-	import (refuse OBJ polygons by policy)	imported	10	6688
REAL PRODUCER-AUTHORED	github.com/SoftFever/OrcaSlicer	db91d4b63046	resources/calib/filament_flow/pass1.3mf	151500	10f5854014b06df6	3mf	zip64	no	-	-	import (refuse OBJ polygons by policy)	imported	9	7136
REAL PRODUCER-AUTHORED	github.com/SoftFever/OrcaSlicer	db91d4b63046	resources/calib/pressure_advance/auto_pa_line_dual.3mf	29649	f06f8914ad2c7b1f	3mf	zip32	yes	p	BambuStudio-02.00.02.01	import (refuse OBJ polygons by policy)	imported	16	192
REAL PRODUCER-AUTHORED	github.com/SoftFever/OrcaSlicer	db91d4b63046	resources/calib/pressure_advance/auto_pa_line_single.3mf	28096	0471cf345fffa68e	3mf	zip32	yes	p	BambuStudio-02.00.02.01	import (refuse OBJ polygons by policy)	imported	8	96
REAL PRODUCER-AUTHORED	github.com/SoftFever/OrcaSlicer	db91d4b63046	resources/calib/pressure_advance/pa_pattern.3mf	23059	2e2c0e271a50c6f8	3mf	zip32	yes	p	BambuStudio-01.07.03.04	import (refuse OBJ polygons by policy)	imported	1	12
REAL PRODUCER-AUTHORED	github.com/SoftFever/OrcaSlicer	db91d4b63046	resources/handy_models/OrcaBadge.3mf	817091	04573823874f90a8	3mf	zip32	yes	p	BambuStudio-02.06.00.51	import (refuse OBJ polygons by policy)	imported	39	72586
REAL PRODUCER-AUTHORED	github.com/SoftFever/OrcaSlicer	db91d4b63046	resources/handy_models/OrcaSliced.3mf	3170902	b72e8c68d84d3996	3mf	zip32	no	-	BambuStudio-02.06.00.51	import (refuse OBJ polygons by policy)	imported	30	256568
REAL PRODUCER-AUTHORED	github.com/Ultimaker/Cura	72521b78f085	resources/meshes/101hero-platform.3mf	45635	75beb510b9a7f734	3mf	zip32	no	-	-	import (refuse OBJ polygons by policy)	imported	1	4822
REAL PRODUCER-AUTHORED	github.com/Ultimaker/Cura	72521b78f085	resources/meshes/3dator_platform.3mf	54592	a87b8403575bc8b1	3mf	zip32	no	-	-	import (refuse OBJ polygons by policy)	imported	1	8612
REAL PRODUCER-AUTHORED	github.com/Ultimaker/Cura	72521b78f085	resources/meshes/3di_d300_platform.STL	332484	8fdac42f300d8f3a	stl	-	-	-	-	import (refuse OBJ polygons by policy)	imported	1	6648
REAL PRODUCER-AUTHORED	github.com/Ultimaker/Cura	72521b78f085	resources/meshes/3dtech_semi_professional_platform.3mf	103912	16ab8335c2ff0823	3mf	zip32	no	-	-	import (refuse OBJ polygons by policy)	imported	1	11742
REAL PRODUCER-AUTHORED	github.com/Ultimaker/Cura	72521b78f085	resources/meshes/Atom 3 bed.3mf	506204	b65fc6f73b39c9bd	3mf	zip32	no	-	-	import (refuse OBJ polygons by policy)	imported	1	34358
REAL PRODUCER-AUTHORED	github.com/Ultimaker/Cura	72521b78f085	resources/meshes/Atom 3 lite bed.3mf	979600	f09365d31a3430a7	3mf	zip32	no	-	-	import (refuse OBJ polygons by policy)	imported	1	60336
REAL PRODUCER-AUTHORED	github.com/Ultimaker/Cura	72521b78f085	resources/meshes/BEEVERYCREATIVE-helloBEEprusa.3mf	140327	0a7cbdda3143f8f0	3mf	zip32	no	-	-	import (refuse OBJ polygons by policy)	imported	1	17056
REAL PRODUCER-AUTHORED	github.com/Ultimaker/Cura	72521b78f085	resources/meshes/BIQU_BX_PLATE.stl	145584	0cbb8880b5724f02	stl	-	-	-	-	import (refuse OBJ polygons by policy)	imported	1	2910
REAL PRODUCER-AUTHORED	github.com/Ultimaker/Cura	72521b78f085	resources/meshes/BIQU_Hurakan_bed.stl	1037484	947ca8d0c3743ab9	stl	-	-	-	-	import (refuse OBJ polygons by policy)	imported	1	20748
REAL PRODUCER-AUTHORED	github.com/Ultimaker/Cura	72521b78f085	resources/meshes/BIQU_SSS.stl	223384	d5bf59c9a17e81b3	stl	-	-	-	-	import (refuse OBJ polygons by policy)	imported	1	4466
REAL PRODUCER-AUTHORED	github.com/Ultimaker/Cura	72521b78f085	resources/meshes/FT-5_build_plate.3mf	54843	3a2a6cac3c723f0e	3mf	zip32	no	-	-	import (refuse OBJ polygons by policy)	imported	1	7056
REAL PRODUCER-AUTHORED	github.com/Ultimaker/Cura	72521b78f085	resources/meshes/FelixPro2_platform.obj	88389	bfadfca638ba7121	obj	-	-	-	-	import (refuse OBJ polygons by policy)	imported	1	1912
REAL PRODUCER-AUTHORED	github.com/Ultimaker/Cura	72521b78f085	resources/meshes/FelixTec4_platform.3mf	20755	e4103710b5fd45df	3mf	zip32	no	-	-	import (refuse OBJ polygons by policy)	imported	1	2876
REAL PRODUCER-AUTHORED	github.com/Ultimaker/Cura	72521b78f085	resources/meshes/FlashForge_DreamerNX.obj	225182	f755bf013360016b	obj	-	-	-	-	import (refuse OBJ polygons by policy)	imported	1	6982
REAL PRODUCER-AUTHORED	github.com/Ultimaker/Cura	72521b78f085	resources/meshes/Hellbot_Magna_2_230.obj	32648	50c5670a731bcbe2	obj	-	-	-	-	import (refuse OBJ polygons by policy)	imported	1	260
REAL PRODUCER-AUTHORED	github.com/Ultimaker/Cura	72521b78f085	resources/meshes/Hellbot_Magna_2_300.obj	33827	a823c8e30eed0c2d	obj	-	-	-	-	import (refuse OBJ polygons by policy)	imported	1	268
REAL PRODUCER-AUTHORED	github.com/Ultimaker/Cura	72521b78f085	resources/meshes/Hellbot_Magna_2_400.obj	33881	9cba5489e63854f0	obj	-	-	-	-	import (refuse OBJ polygons by policy)	imported	1	268
REAL PRODUCER-AUTHORED	github.com/Ultimaker/Cura	72521b78f085	resources/meshes/Hellbot_Magna_2_500.obj	33854	bc4ee3c53aefd6e7	obj	-	-	-	-	import (refuse OBJ polygons by policy)	imported	1	268
REAL PRODUCER-AUTHORED	github.com/Ultimaker/Cura	72521b78f085	resources/meshes/Hellbot_Magna_SE_300.obj	21572	b9f371aae1ebae63	obj	-	-	-	-	import (refuse OBJ polygons by policy)	imported	1	172
REAL PRODUCER-AUTHORED	github.com/Ultimaker/Cura	72521b78f085	resources/meshes/Hellbot_Magna_SE_Pro.obj	32326	c169a1875a21c076	obj	-	-	-	-	import (refuse OBJ polygons by policy)	imported	1	260
REAL PRODUCER-AUTHORED	github.com/Ultimaker/Cura	72521b78f085	resources/meshes/Original_Prusa_i3_MK3S_MK3_platform.3mf	72132	4466182d02bbcfaa	3mf	zip32	no	-	-	import (refuse OBJ polygons by policy)	imported	1	9756
REAL PRODUCER-AUTHORED	github.com/Ultimaker/Cura	72521b78f085	resources/meshes/SH65_platform.STL	322284	9c98a0f74d4bcb52	stl	-	-	-	-	import (refuse OBJ polygons by policy)	imported	1	6444
REAL PRODUCER-AUTHORED	github.com/Ultimaker/Cura	72521b78f085	resources/meshes/STREAM20PRO_platform.STL	190184	d85020132c5974d6	stl	-	-	-	-	import (refuse OBJ polygons by policy)	imported	1	3802
REAL PRODUCER-AUTHORED	github.com/Ultimaker/Cura	72521b78f085	resources/meshes/STREAM30PRO_platform.STL	198284	e98c8d78ad6a4f85	stl	-	-	-	-	import (refuse OBJ polygons by policy)	imported	1	3964
REAL PRODUCER-AUTHORED	github.com/Ultimaker/Cura	72521b78f085	resources/meshes/STREAM30ULTRA_platform.STL	157084	eca8f8699442e2ab	stl	-	-	-	-	import (refuse OBJ polygons by policy)	imported	1	3140
REAL PRODUCER-AUTHORED	github.com/Ultimaker/Cura	72521b78f085	resources/meshes/Vertex_build_panel.3mf	1413	af2753463694e420	3mf	zip32	no	-	-	import (refuse OBJ polygons by policy)	imported	1	44
REAL PRODUCER-AUTHORED	github.com/Ultimaker/Cura	72521b78f085	resources/meshes/alya_nx_platform.3mf	46052	7bf65ed3b330d060	3mf	zip32	no	-	-	import (refuse OBJ polygons by policy)	imported	1	6478
REAL PRODUCER-AUTHORED	github.com/Ultimaker/Cura	72521b78f085	resources/meshes/alya_platform.3mf	51473	e9c0d9f17c7a29d1	3mf	zip32	no	-	-	import (refuse OBJ polygons by policy)	imported	1	7748
REAL PRODUCER-AUTHORED	github.com/Ultimaker/Cura	72521b78f085	resources/meshes/aneta6_platform.3mf	3835	56f734cfbb658f2a	3mf	zip32	no	-	-	import (refuse OBJ polygons by policy)	imported	1	508
REAL PRODUCER-AUTHORED	github.com/Ultimaker/Cura	72521b78f085	resources/meshes/ankermake_m5_platform.obj	16653	fab8f46d9cb6e57c	obj	-	-	-	-	import (refuse OBJ polygons by policy)	imported	1	364
REAL PRODUCER-AUTHORED	github.com/Ultimaker/Cura	72521b78f085	resources/meshes/ankermake_m5c_platform.obj	16653	fab8f46d9cb6e57c	obj	-	-	-	-	import (refuse OBJ polygons by policy)	imported	1	364
REAL PRODUCER-AUTHORED	github.com/Ultimaker/Cura	72521b78f085	resources/meshes/anycubic_4max_platform.3mf	1428	f9dbb2a996c3742b	3mf	zip32	no	-	-	import (refuse OBJ polygons by policy)	imported	1	44
REAL PRODUCER-AUTHORED	github.com/Ultimaker/Cura	72521b78f085	resources/meshes/anycubic_chiron_platform.obj	713	6c4bf8c2720f36b4	obj	-	-	-	-	import (refuse OBJ polygons by policy)	UNSUPPORTED_FILE/OBJ_POLYGON_UNSUPPORTED	-	-
REAL PRODUCER-AUTHORED	github.com/Ultimaker/Cura	72521b78f085	resources/meshes/anycubic_i3_mega_platform.3mf	1428	f9dbb2a996c3742b	3mf	zip32	no	-	-	import (refuse OBJ polygons by policy)	imported	1	44
REAL PRODUCER-AUTHORED	github.com/Ultimaker/Cura	72521b78f085	resources/meshes/anycubic_i3_mega_s_platform.3mf	1428	f9dbb2a996c3742b	3mf	zip32	no	-	-	import (refuse OBJ polygons by policy)	imported	1	44
REAL PRODUCER-AUTHORED	github.com/Ultimaker/Cura	72521b78f085	resources/meshes/anycubic_i3_mega_x_platform.stl	1484	a08d042815538f05	stl	-	-	-	-	import (refuse OBJ polygons by policy)	imported	1	28
REAL PRODUCER-AUTHORED	github.com/Ultimaker/Cura	72521b78f085	resources/meshes/anycubic_kobra2_platform.stl	22684	a4d3c65ad50c6eb3	stl	-	-	-	-	import (refuse OBJ polygons by policy)	imported	1	452
REAL PRODUCER-AUTHORED	github.com/Ultimaker/Cura	72521b78f085	resources/meshes/anycubic_kobra3v2_buildplate.stl	4284	bf17d1821da0c9f6	stl	-	-	-	-	import (refuse OBJ polygons by policy)	imported	1	84
REAL PRODUCER-AUTHORED	github.com/Ultimaker/Cura	72521b78f085	resources/meshes/anycubic_kobra_s1_buildplate.obj	25872	6daff2a964d5941a	obj	-	-	-	-	import (refuse OBJ polygons by policy)	imported	1	400
REAL PRODUCER-AUTHORED	github.com/Ultimaker/Cura	72521b78f085	resources/meshes/anycubic_mega_zero_platform.stl	65284	dd096d5e522ee163	stl	-	-	-	-	import (refuse OBJ polygons by policy)	imported	1	1304
REAL PRODUCER-AUTHORED	github.com/Ultimaker/Cura	72521b78f085	resources/meshes/anycubic_vyper_platform.stl	30684	d1df200d46e3e2fa	stl	-	-	-	-	import (refuse OBJ polygons by policy)	imported	1	612
REAL PRODUCER-AUTHORED	github.com/Ultimaker/Cura	72521b78f085	resources/meshes/arjun300_platform.stl	663284	43eea38322460e0b	stl	-	-	-	-	import (refuse OBJ polygons by policy)	imported	1	13264
REAL PRODUCER-AUTHORED	github.com/Ultimaker/Cura	72521b78f085	resources/meshes/arjunpro300_platform.STL	710884	2fd7561b15542a5e	stl	-	-	-	-	import (refuse OBJ polygons by policy)	imported	1	14216
REAL PRODUCER-AUTHORED	github.com/Ultimaker/Cura	72521b78f085	resources/meshes/artemis_platform.3mf	135666	0cc8accaccdbd6f9	3mf	zip32	no	-	-	import (refuse OBJ polygons by policy)	imported	1	17266
REAL PRODUCER-AUTHORED	github.com/Ultimaker/Cura	72521b78f085	resources/meshes/artillery_genius.stl	834684	7188ac995b49eccb	stl	-	-	-	-	import (refuse OBJ polygons by policy)	imported	1	16692
REAL PRODUCER-AUTHORED	github.com/Ultimaker/Cura	72521b78f085	resources/meshes/artillery_hornet.stl	463984	d438e3beec6e6de7	stl	-	-	-	-	import (refuse OBJ polygons by policy)	imported	1	9278
REAL PRODUCER-AUTHORED	github.com/Ultimaker/Cura	72521b78f085	resources/meshes/artillery_swx1.stl	774784	96cdc894962a5ed2	stl	-	-	-	-	import (refuse OBJ polygons by policy)	imported	1	15494
REAL PRODUCER-AUTHORED	github.com/Ultimaker/Cura	72521b78f085	resources/meshes/atmat_asterion_platform.stl	953784	3a7772b03dbcbeaf	stl	-	-	-	-	import (refuse OBJ polygons by policy)	imported	1	19074
REAL PRODUCER-AUTHORED	github.com/Ultimaker/Cura	72521b78f085	resources/meshes/atmat_signal_pro_platform.stl	845284	0b957ba22aca2e32	stl	-	-	-	-	import (refuse OBJ polygons by policy)	imported	1	16904
REAL PRODUCER-AUTHORED	github.com/Ultimaker/Cura	72521b78f085	resources/meshes/beamup_l.3mf	28341	bc6e650035b5f058	3mf	zip32	no	-	-	import (refuse OBJ polygons by policy)	imported	1	2710
REAL PRODUCER-AUTHORED	github.com/Ultimaker/Cura	72521b78f085	resources/meshes/beamup_s.3mf	17772	d9fc11be27ec4219	3mf	zip32	no	-	-	import (refuse OBJ polygons by policy)	imported	1	2132
REAL PRODUCER-AUTHORED	github.com/Ultimaker/Cura	72521b78f085	resources/meshes/blocks_mk2_platform.stl	586884	b4b05291dd40786b	stl	-	-	-	-	import (refuse OBJ polygons by policy)	imported	1	11736
REAL PRODUCER-AUTHORED	github.com/Ultimaker/Cura	72521b78f085	resources/meshes/blocks_pros100_platform.stl	510884	69e87eb7fa4925a2	stl	-	-	-	-	import (refuse OBJ polygons by policy)	imported	1	10216
REAL PRODUCER-AUTHORED	github.com/Ultimaker/Cura	72521b78f085	resources/meshes/blocks_pros30_platform.stl	759884	faf6a0911d7e4d15	stl	-	-	-	-	import (refuse OBJ polygons by policy)	imported	1	15196
REAL PRODUCER-AUTHORED	github.com/Ultimaker/Cura	72521b78f085	resources/meshes/blocks_r21_platform.stl	747584	56e8183315696978	stl	-	-	-	-	import (refuse OBJ polygons by policy)	imported	1	14950
REAL PRODUCER-AUTHORED	github.com/Ultimaker/Cura	72521b78f085	resources/meshes/blocks_rd50_platform.stl	1010484	28d0cf43cecc420e	stl	-	-	-	-	import (refuse OBJ polygons by policy)	imported	1	20208
REAL PRODUCER-AUTHORED	github.com/Ultimaker/Cura	72521b78f085	resources/meshes/blocks_zero_platform.stl	808484	6dfeacbd5da7600d	stl	-	-	-	-	import (refuse OBJ polygons by policy)	imported	1	16168
REAL PRODUCER-AUTHORED	github.com/Ultimaker/Cura	72521b78f085	resources/meshes/blv_mgn_cube_300_platform.3mf	651440	dd656eaf9d3a6e29	3mf	zip32	no	-	-	import (refuse OBJ polygons by policy)	imported	1	38408
REAL PRODUCER-AUTHORED	github.com/Ultimaker/Cura	72521b78f085	resources/meshes/blv_mgn_cube_350_platform.3mf	718098	1d696097cfa4b767	3mf	zip32	no	-	-	import (refuse OBJ polygons by policy)	imported	1	41620
REAL PRODUCER-AUTHORED	github.com/Ultimaker/Cura	72521b78f085	resources/meshes/bq_hephestos_2_platform.3mf	51841	d9eb4e8ef7cf7cac	3mf	zip32	no	-	-	import (refuse OBJ polygons by policy)	imported	1	7542
REAL PRODUCER-AUTHORED	github.com/Ultimaker/Cura	72521b78f085	resources/meshes/bq_hephestos_platform.3mf	34852	7c8bb773353a6297	3mf	zip32	no	-	-	import (refuse OBJ polygons by policy)	imported	1	4416
REAL PRODUCER-AUTHORED	github.com/Ultimaker/Cura	72521b78f085	resources/meshes/bq_witbox_platform.3mf	140110	77bd4dee8bb284cc	3mf	zip32	no	-	-	import (refuse OBJ polygons by policy)	imported	1	18430
REAL PRODUCER-AUTHORED	github.com/Ultimaker/Cura	72521b78f085	resources/meshes/builder_premium_platform.3mf	152119	31ed3e280f69c665	3mf	zip32	no	-	-	import (refuse OBJ polygons by policy)	imported	1	18871
REAL PRODUCER-AUTHORED	github.com/Ultimaker/Cura	72521b78f085	resources/meshes/cartesio_platform.3mf	13832	8329a488d6641718	3mf	zip32	no	-	-	import (refuse OBJ polygons by policy)	imported	1	1896
REAL PRODUCER-AUTHORED	github.com/Ultimaker/Cura	72521b78f085	resources/meshes/cr-x.3mf	177949	641818099994eb4e	3mf	zip32	no	-	-	import (refuse OBJ polygons by policy)	imported	1	19670
REAL PRODUCER-AUTHORED	github.com/Ultimaker/Cura	72521b78f085	resources/meshes/creality_cr10spro.3mf	132353	ae0bf87e31a50966	3mf	zip32	no	-	-	import (refuse OBJ polygons by policy)	imported	1	17344
REAL PRODUCER-AUTHORED	github.com/Ultimaker/Cura	72521b78f085	resources/meshes/creality_ender3.3mf	25897	53589554de443179	3mf	zip32	no	-	-	import (refuse OBJ polygons by policy)	imported	1	2840
REAL PRODUCER-AUTHORED	github.com/Ultimaker/Cura	72521b78f085	resources/meshes/creality_ender3max.stl	323684	44cd81d2113187fb	stl	-	-	-	-	import (refuse OBJ polygons by policy)	imported	1	6472
REAL PRODUCER-AUTHORED	github.com/Ultimaker/Cura	72521b78f085	resources/meshes/cremaker_platform_200.obj	50252	52f8d3782efd902c	obj	-	-	-	-	import (refuse OBJ polygons by policy)	imported	1	1060
REAL PRODUCER-AUTHORED	github.com/Ultimaker/Cura	72521b78f085	resources/meshes/cremaker_platform_220.obj	50252	a34bccb60a30a4e5	obj	-	-	-	-	import (refuse OBJ polygons by policy)	imported	1	1060
REAL PRODUCER-AUTHORED	github.com/Ultimaker/Cura	72521b78f085	resources/meshes/dagoma_discoeasy200.3mf	108334	750f460a09410674	3mf	zip32	no	-	-	import (refuse OBJ polygons by policy)	imported	1	10898
REAL PRODUCER-AUTHORED	github.com/Ultimaker/Cura	72521b78f085	resources/meshes/dagoma_discoeasy200_bicolor.3mf	194973	5d27dea5bc362f23	3mf	zip32	no	-	-	import (refuse OBJ polygons by policy)	imported	1	20194
REAL PRODUCER-AUTHORED	github.com/Ultimaker/Cura	72521b78f085	resources/meshes/dagoma_discoultimate.3mf	134591	657e908f63b4aef1	3mf	zip32	no	-	-	import (refuse OBJ polygons by policy)	imported	1	13454
REAL PRODUCER-AUTHORED	github.com/Ultimaker/Cura	72521b78f085	resources/meshes/dagoma_discoultimate_bicolor.3mf	197388	3194f62def8bbbb3	3mf	zip32	no	-	-	import (refuse OBJ polygons by policy)	imported	1	20256
REAL PRODUCER-AUTHORED	github.com/Ultimaker/Cura	72521b78f085	resources/meshes/dagoma_magis.3mf	103193	af99c6e7718cd3d5	3mf	zip32	no	-	-	import (refuse OBJ polygons by policy)	imported	1	13166
REAL PRODUCER-AUTHORED	github.com/Ultimaker/Cura	72521b78f085	resources/meshes/dagoma_neva.3mf	91623	8b080fb7ab581573	3mf	zip32	no	-	-	import (refuse OBJ polygons by policy)	imported	1	9486
REAL PRODUCER-AUTHORED	github.com/Ultimaker/Cura	72521b78f085	resources/meshes/dagoma_pro430.obj	71056	1893c209e2db8485	obj	-	-	-	-	import (refuse OBJ polygons by policy)	imported	1	508
REAL PRODUCER-AUTHORED	github.com/Ultimaker/Cura	72521b78f085	resources/meshes/dagoma_sigma.stl	646134	48415325f2b18507	stl	-	-	-	-	import (refuse OBJ polygons by policy)	imported	1	12921
REAL PRODUCER-AUTHORED	github.com/Ultimaker/Cura	72521b78f085	resources/meshes/dagoma_sigma_pro.obj	243613	23e40dfb8e45d265	obj	-	-	-	-	import (refuse OBJ polygons by policy)	imported	1	1170
REAL PRODUCER-AUTHORED	github.com/Ultimaker/Cura	72521b78f085	resources/meshes/deltacomb.3mf	163243	99e86f34ce9061f9	3mf	zip32	no	-	-	import (refuse OBJ polygons by policy)	imported	1	18920
REAL PRODUCER-AUTHORED	github.com/Ultimaker/Cura	72521b78f085	resources/meshes/deltacomb_dc20.stl	323084	7ac35659472fc226	stl	-	-	-	-	import (refuse OBJ polygons by policy)	imported	1	6460
REAL PRODUCER-AUTHORED	github.com/Ultimaker/Cura	72521b78f085	resources/meshes/deltacomb_dc30.stl	303384	04ab7837bfbb100b	stl	-	-	-	-	import (refuse OBJ polygons by policy)	imported	1	6066
REAL PRODUCER-AUTHORED	github.com/Ultimaker/Cura	72521b78f085	resources/meshes/diy220_platform.obj	719213	5c338014406ec0d9	obj	-	-	-	-	import (refuse OBJ polygons by policy)	imported	1	20456
REAL PRODUCER-AUTHORED	github.com/Ultimaker/Cura	72521b78f085	resources/meshes/elegoo_neptune_2.stl	663484	f00890cb789bc876	stl	-	-	-	-	import (refuse OBJ polygons by policy)	imported	1	13268
REAL PRODUCER-AUTHORED	github.com/Ultimaker/Cura	72521b78f085	resources/meshes/elegoo_platform.3mf	348202	72f1b02428dc018a	3mf	zip32	no	-	-	import (refuse OBJ polygons by policy)	imported	1	13022
REAL PRODUCER-AUTHORED	github.com/Ultimaker/Cura	72521b78f085	resources/meshes/elegoo_platform_max.3mf	298121	6cb923707d267523	3mf	zip32	no	-	-	import (refuse OBJ polygons by policy)	imported	1	13022
REAL PRODUCER-AUTHORED	github.com/Ultimaker/Cura	72521b78f085	resources/meshes/eryone_er20_plateform.stl	39684	1c9fc01bb8e83bc6	stl	-	-	-	-	import (refuse OBJ polygons by policy)	imported	1	792
REAL PRODUCER-AUTHORED	github.com/Ultimaker/Cura	72521b78f085	resources/meshes/eryone_thinker_platform.obj	677574	c7edf98201dbfff1	obj	-	-	-	-	import (refuse OBJ polygons by policy)	UNSUPPORTED_FILE/OBJ_POLYGON_UNSUPPORTED	-	-
REAL PRODUCER-AUTHORED	github.com/Ultimaker/Cura	72521b78f085	resources/meshes/fabtotum_platform.3mf	54467	b3e46f8ff72df51e	3mf	zip32	no	-	-	import (refuse OBJ polygons by policy)	imported	1	7126
REAL PRODUCER-AUTHORED	github.com/Ultimaker/Cura	72521b78f085	resources/meshes/fabxpro_platform.3mf	44938	677ecc731df71cfc	3mf	zip32	no	-	-	import (refuse OBJ polygons by policy)	imported	1	5266
REAL PRODUCER-AUTHORED	github.com/Ultimaker/Cura	72521b78f085	resources/meshes/farm2_platform.obj	1013419	886c42b91ed48161	obj	-	-	-	-	import (refuse OBJ polygons by policy)	imported	1	11680
REAL PRODUCER-AUTHORED	github.com/Ultimaker/Cura	72521b78f085	resources/meshes/flsun_qq_s.3mf	319767	6a1c2a43f6f06a17	3mf	zip32	no	-	-	import (refuse OBJ polygons by policy)	imported	1	19927
REAL PRODUCER-AUTHORED	github.com/Ultimaker/Cura	72521b78f085	resources/meshes/flsun_sr.stl	1001084	3ed3c6ec891145af	stl	-	-	-	-	import (refuse OBJ polygons by policy)	imported	1	20020
REAL PRODUCER-AUTHORED	github.com/Ultimaker/Cura	72521b78f085	resources/meshes/flsun_v400.stl	934784	72ce2a327839303f	stl	-	-	-	-	import (refuse OBJ polygons by policy)	imported	1	18694
REAL PRODUCER-AUTHORED	github.com/Ultimaker/Cura	72521b78f085	resources/meshes/flyingbear_platform.obj	1297	418a3742bd29ebd3	obj	-	-	-	-	import (refuse OBJ polygons by policy)	UNSUPPORTED_FILE/OBJ_POLYGON_UNSUPPORTED	-	-
REAL PRODUCER-AUTHORED	github.com/Ultimaker/Cura	72521b78f085	resources/meshes/gmax_1-5_xt-plus_s3d_full model_150707.3mf	137036	fca5012396659839	3mf	zip32	no	-	-	import (refuse OBJ polygons by policy)	imported	1	20714
REAL PRODUCER-AUTHORED	github.com/Ultimaker/Cura	72521b78f085	resources/meshes/grr_neo_platform.3mf	4325	92d1c36fb2a07a37	3mf	zip32	no	-	-	import (refuse OBJ polygons by policy)	imported	1	492
REAL PRODUCER-AUTHORED	github.com/Ultimaker/Cura	72521b78f085	resources/meshes/hardprint_hozo_ix_platform.stl	719384	5eca6121f9298223	stl	-	-	-	-	import (refuse OBJ polygons by policy)	imported	1	14386
REAL PRODUCER-AUTHORED	github.com/Ultimaker/Cura	72521b78f085	resources/meshes/hardprint_hozo_platform.stl	719384	5eca6121f9298223	stl	-	-	-	-	import (refuse OBJ polygons by policy)	imported	1	14386
REAL PRODUCER-AUTHORED	github.com/Ultimaker/Cura	72521b78f085	resources/meshes/hctech_hc300-m1&m1h.3mf	144429	25caa8edcad801c0	3mf	zip32	no	-	-	import (refuse OBJ polygons by policy)	imported	1	13106
REAL PRODUCER-AUTHORED	github.com/Ultimaker/Cura	72521b78f085	resources/meshes/hctech_hc300-m2h.3mf	1043277	b9baaa894cf6009a	3mf	zip32	no	-	-	import (refuse OBJ polygons by policy)	imported	11	94586
REAL PRODUCER-AUTHORED	github.com/Ultimaker/Cura	72521b78f085	resources/meshes/hctech_hc300-m3.3mf	68077	e2718f118e57fae6	3mf	zip32	no	-	-	import (refuse OBJ polygons by policy)	imported	6	8316
REAL PRODUCER-AUTHORED	github.com/Ultimaker/Cura	72521b78f085	resources/meshes/hellbot_adonis.obj	631	28c30c41a56dd5ed	obj	-	-	-	-	import (refuse OBJ polygons by policy)	UNSUPPORTED_FILE/OBJ_POLYGON_UNSUPPORTED	-	-
REAL PRODUCER-AUTHORED	github.com/Ultimaker/Cura	72521b78f085	resources/meshes/hellbot_hidra.obj	29634	a71e5ba89ed7a641	obj	-	-	-	-	import (refuse OBJ polygons by policy)	imported	1	236
REAL PRODUCER-AUTHORED	github.com/Ultimaker/Cura	72521b78f085	resources/meshes/hellbot_hidra_plus.obj	31844	56176648b0243840	obj	-	-	-	-	import (refuse OBJ polygons by policy)	imported	1	252
REAL PRODUCER-AUTHORED	github.com/Ultimaker/Cura	72521b78f085	resources/meshes/hellbot_magna.obj	659	369e8a7d41bb3fc3	obj	-	-	-	-	import (refuse OBJ polygons by policy)	UNSUPPORTED_FILE/OBJ_POLYGON_UNSUPPORTED	-	-
REAL PRODUCER-AUTHORED	github.com/Ultimaker/Cura	72521b78f085	resources/meshes/hellbot_magna_SE.obj	16253	07f5b50dcb5e5c16	obj	-	-	-	-	import (refuse OBJ polygons by policy)	imported	1	440
REAL PRODUCER-AUTHORED	github.com/Ultimaker/Cura	72521b78f085	resources/meshes/hms_platform.obj	552920	c6f39beeae958c1b	obj	-	-	-	-	import (refuse OBJ polygons by policy)	imported	1	17916
REAL PRODUCER-AUTHORED	github.com/Ultimaker/Cura	72521b78f085	resources/meshes/ideagen3D_sapphire_plus.3mf	75215	d489f33c56dd0f29	3mf	zip32	no	-	-	import (refuse OBJ polygons by policy)	imported	1	4540
REAL PRODUCER-AUTHORED	github.com/Ultimaker/Cura	72521b78f085	resources/meshes/imade3d_jellybox_2_platform.3mf	98010	dc5d662c7eb7611d	3mf	zip32	no	-	-	import (refuse OBJ polygons by policy)	imported	1	12172
REAL PRODUCER-AUTHORED	github.com/Ultimaker/Cura	72521b78f085	resources/meshes/imade3d_jellybox_platform.3mf	85412	83c6c832ba1d6fb4	3mf	zip32	no	-	-	import (refuse OBJ polygons by policy)	imported	1	12030
REAL PRODUCER-AUTHORED	github.com/Ultimaker/Cura	72521b78f085	resources/meshes/inat_proton_x_buildplate.stl	20284	aa358ca0ec7c89ea	stl	-	-	-	-	import (refuse OBJ polygons by policy)	imported	1	404
REAL PRODUCER-AUTHORED	github.com/Ultimaker/Cura	72521b78f085	resources/meshes/inventor_platform.3mf	119687	8cf9d9cdc8041629	3mf	zip32	no	-	-	import (refuse OBJ polygons by policy)	imported	1	16202
REAL PRODUCER-AUTHORED	github.com/Ultimaker/Cura	72521b78f085	resources/meshes/jgaurora_a5.3mf	138159	874c28f3e9f1c390	3mf	zip32	no	-	-	import (refuse OBJ polygons by policy)	imported	1	20000
REAL PRODUCER-AUTHORED	github.com/Ultimaker/Cura	72521b78f085	resources/meshes/jgaurora_a6_platform.stl	167384	8a411126701cb1fd	stl	-	-	-	-	import (refuse OBJ polygons by policy)	imported	1	3346
REAL PRODUCER-AUTHORED	github.com/Ultimaker/Cura	72521b78f085	resources/meshes/kemiq_q2.3mf	50597	ae4a94d5adafb84f	3mf	zip32	no	-	-	import (refuse OBJ polygons by policy)	imported	1	6751
REAL PRODUCER-AUTHORED	github.com/Ultimaker/Cura	72521b78f085	resources/meshes/kingroon_kp3.stl	508284	eca2394de6a3d6a5	stl	-	-	-	-	import (refuse OBJ polygons by policy)	imported	1	10164
REAL PRODUCER-AUTHORED	github.com/Ultimaker/Cura	72521b78f085	resources/meshes/kingroon_kp3s.stl	325784	afce704978b1e98c	stl	-	-	-	-	import (refuse OBJ polygons by policy)	imported	1	6514
REAL PRODUCER-AUTHORED	github.com/Ultimaker/Cura	72521b78f085	resources/meshes/koonovo.obj	713	6c4bf8c2720f36b4	obj	-	-	-	-	import (refuse OBJ polygons by policy)	UNSUPPORTED_FILE/OBJ_POLYGON_UNSUPPORTED	-	-
REAL PRODUCER-AUTHORED	github.com/Ultimaker/Cura	72521b78f085	resources/meshes/koonovo_kn3.stl	756484	800de4b76405cff0	stl	-	-	-	-	import (refuse OBJ polygons by policy)	imported	1	15128
REAL PRODUCER-AUTHORED	github.com/Ultimaker/Cura	72521b78f085	resources/meshes/koonovo_kn5.stl	872284	2b9dbf9a2f06da87	stl	-	-	-	-	import (refuse OBJ polygons by policy)	imported	1	17444
REAL PRODUCER-AUTHORED	github.com/Ultimaker/Cura	72521b78f085	resources/meshes/kossel_platform.3mf	61156	5f24f606c01761b2	3mf	zip32	no	-	-	import (refuse OBJ polygons by policy)	imported	1	8376
REAL PRODUCER-AUTHORED	github.com/Ultimaker/Cura	72521b78f085	resources/meshes/kossel_pro_build_platform.3mf	25989	79672e564d25529d	3mf	zip32	no	-	-	import (refuse OBJ polygons by policy)	imported	1	3260
REAL PRODUCER-AUTHORED	github.com/Ultimaker/Cura	72521b78f085	resources/meshes/leapfrog_bolt_pro_platform.3mf	140709	b9759070f7f427f8	3mf	zip32	no	-	-	import (refuse OBJ polygons by policy)	imported	1	17829
REAL PRODUCER-AUTHORED	github.com/Ultimaker/Cura	72521b78f085	resources/meshes/liquid_platform.stl	599884	765e9938e27a2dd8	stl	-	-	-	-	import (refuse OBJ polygons by policy)	imported	1	11996
REAL PRODUCER-AUTHORED	github.com/Ultimaker/Cura	72521b78f085	resources/meshes/lnl3d_d3.stl	189134	d5718eabeb71ee73	stl	-	-	-	-	import (refuse OBJ polygons by policy)	imported	1	3781
REAL PRODUCER-AUTHORED	github.com/Ultimaker/Cura	72521b78f085	resources/meshes/lnl3d_d5.stl	388284	824d569d4f9dd144	stl	-	-	-	-	import (refuse OBJ polygons by policy)	imported	1	7764
REAL PRODUCER-AUTHORED	github.com/Ultimaker/Cura	72521b78f085	resources/meshes/lnl3d_d6.3mf	975207	cfec4675356981b3	3mf	zip32	no	-	-	import (refuse OBJ polygons by policy)	imported	1	45772
REAL PRODUCER-AUTHORED	github.com/Ultimaker/Cura	72521b78f085	resources/meshes/longer_235mm_platform.stl	205284	99476a04d35a0177	stl	-	-	-	-	import (refuse OBJ polygons by policy)	imported	1	4104
REAL PRODUCER-AUTHORED	github.com/Ultimaker/Cura	72521b78f085	resources/meshes/longer_310mm_platform.stl	205284	d14bae0750495b20	stl	-	-	-	-	import (refuse OBJ polygons by policy)	imported	1	4104
REAL PRODUCER-AUTHORED	github.com/Ultimaker/Cura	72521b78f085	resources/meshes/longer_415mm_platform.stl	205284	4dd22a117e7555cd	stl	-	-	-	-	import (refuse OBJ polygons by policy)	imported	1	4104
REAL PRODUCER-AUTHORED	github.com/Ultimaker/Cura	72521b78f085	resources/meshes/longer_cube2_platform.stl	205284	a2a5ad32f0baf5c9	stl	-	-	-	-	import (refuse OBJ polygons by policy)	imported	1	4104
REAL PRODUCER-AUTHORED	github.com/Ultimaker/Cura	72521b78f085	resources/meshes/lotmaxx_sc_10_20_platform.3mf	15255	88525cc1fd1a0a19	3mf	zip32	no	-	-	import (refuse OBJ polygons by policy)	imported	1	2002
REAL PRODUCER-AUTHORED	github.com/Ultimaker/Cura	72521b78f085	resources/meshes/lulzbot_mini.stl	413784	9133ced1d5881d03	stl	-	-	-	-	import (refuse OBJ polygons by policy)	imported	1	8274
REAL PRODUCER-AUTHORED	github.com/Ultimaker/Cura	72521b78f085	resources/meshes/lulzbot_taz_pro_bed.stl	716084	fb31df18dbf372d2	stl	-	-	-	-	import (refuse OBJ polygons by policy)	imported	1	14320
REAL PRODUCER-AUTHORED	github.com/Ultimaker/Cura	72521b78f085	resources/meshes/makeR_pegasus_platform.3mf	20450	3f9e4de6bf9e7a35	3mf	zip32	no	-	-	import (refuse OBJ polygons by policy)	imported	1	2684
REAL PRODUCER-AUTHORED	github.com/Ultimaker/Cura	72521b78f085	resources/meshes/makeR_prusa_tairona_i3_platform.3mf	20601	765c792f100710b4	3mf	zip32	no	-	-	import (refuse OBJ polygons by policy)	imported	1	2684
REAL PRODUCER-AUTHORED	github.com/Ultimaker/Cura	72521b78f085	resources/meshes/makergear_m2_platform.3mf	209358	96bf1cde33c690e2	3mf	zip64	no	-	-	import (refuse OBJ polygons by policy)	imported	1	15438
REAL PRODUCER-AUTHORED	github.com/Ultimaker/Cura	72521b78f085	resources/meshes/makerstarter_platform.3mf	51995	f90ebdf8f99c4359	3mf	zip32	no	-	-	import (refuse OBJ polygons by policy)	imported	1	6750
REAL PRODUCER-AUTHORED	github.com/Ultimaker/Cura	72521b78f085	resources/meshes/malyan_m200_platform.3mf	5038	1721c53e80ebffeb	3mf	zip32	no	-	-	import (refuse OBJ polygons by policy)	imported	1	582
REAL PRODUCER-AUTHORED	github.com/Ultimaker/Cura	72521b78f085	resources/meshes/mankati_fullscale_xt_plus_platform.3mf	170122	7e91f2db0bb8feff	3mf	zip32	no	-	-	import (refuse OBJ polygons by policy)	imported	1	18232
REAL PRODUCER-AUTHORED	github.com/Ultimaker/Cura	72521b78f085	resources/meshes/mendel90_platform.3mf	24544	ce576fb48a03e274	3mf	zip32	no	-	-	import (refuse OBJ polygons by policy)	imported	1	3408
REAL PRODUCER-AUTHORED	github.com/Ultimaker/Cura	72521b78f085	resources/meshes/mingda_d2_base.stl	270284	fdec80192de996e1	stl	-	-	-	-	import (refuse OBJ polygons by policy)	imported	1	5404
REAL PRODUCER-AUTHORED	github.com/Ultimaker/Cura	72521b78f085	resources/meshes/mingda_d4pro_base.stl	273684	a652f6bf7d2108b2	stl	-	-	-	-	import (refuse OBJ polygons by policy)	imported	1	5472
REAL PRODUCER-AUTHORED	github.com/Ultimaker/Cura	72521b78f085	resources/meshes/mingda_magician_max_base.stl	326084	767d76312e3968b0	stl	-	-	-	-	import (refuse OBJ polygons by policy)	imported	1	6520
REAL PRODUCER-AUTHORED	github.com/Ultimaker/Cura	72521b78f085	resources/meshes/mingda_magician_pro_base.stl	389184	3523cfd6d1ad94d6	stl	-	-	-	-	import (refuse OBJ polygons by policy)	imported	1	7782
REAL PRODUCER-AUTHORED	github.com/Ultimaker/Cura	72521b78f085	resources/meshes/mingda_magician_x_base.stl	291384	006ce40a8f1119d1	stl	-	-	-	-	import (refuse OBJ polygons by policy)	imported	1	5826
REAL PRODUCER-AUTHORED	github.com/Ultimaker/Cura	72521b78f085	resources/meshes/mingda_rock3_base.stl	273684	6eb64feba5ed4761	stl	-	-	-	-	import (refuse OBJ polygons by policy)	imported	1	5472
REAL PRODUCER-AUTHORED	github.com/Ultimaker/Cura	72521b78f085	resources/meshes/mixware_hyper_k_platform.stl	66684	1f73e7ce11bd3cc0	stl	-	-	-	-	import (refuse OBJ polygons by policy)	imported	1	1332
REAL PRODUCER-AUTHORED	github.com/Ultimaker/Cura	72521b78f085	resources/meshes/mixware_hyper_s_platform.stl	74284	fc9b5045675834ce	stl	-	-	-	-	import (refuse OBJ polygons by policy)	imported	1	1484
REAL PRODUCER-AUTHORED	github.com/Ultimaker/Cura	72521b78f085	resources/meshes/mixware_vulcan_platform.stl	506784	5e3bafa468c583dd	stl	-	-	-	-	import (refuse OBJ polygons by policy)	imported	1	10134
REAL PRODUCER-AUTHORED	github.com/Ultimaker/Cura	72521b78f085	resources/meshes/mixware_wand_platform.stl	717084	91b80a69c460d354	stl	-	-	-	-	import (refuse OBJ polygons by policy)	imported	1	14340
REAL PRODUCER-AUTHORED	github.com/Ultimaker/Cura	72521b78f085	resources/meshes/moai.obj	298	6c50952fb895ef36	obj	-	-	-	-	import (refuse OBJ polygons by policy)	UNSUPPORTED_FILE/OBJ_POLYGON_UNSUPPORTED	-	-
REAL PRODUCER-AUTHORED	github.com/Ultimaker/Cura	72521b78f085	resources/meshes/mp_mini_delta_platform.3mf	18451	acf6f8c1d9bab52a	3mf	zip32	no	-	-	import (refuse OBJ polygons by policy)	imported	1	2948
REAL PRODUCER-AUTHORED	github.com/Ultimaker/Cura	72521b78f085	resources/meshes/npscura.stl	798684	447456b620e60303	stl	-	-	-	-	import (refuse OBJ polygons by policy)	imported	1	15972
REAL PRODUCER-AUTHORED	github.com/Ultimaker/Cura	72521b78f085	resources/meshes/pbr3d_g1_buildplate.stl	113884	deb308a9bdf681fb	stl	-	-	-	-	import (refuse OBJ polygons by policy)	imported	1	2276
REAL PRODUCER-AUTHORED	github.com/Ultimaker/Cura	72521b78f085	resources/meshes/predator_platform.stl	421384	bb7726756f577b78	stl	-	-	-	-	import (refuse OBJ polygons by policy)	imported	1	8426
REAL PRODUCER-AUTHORED	github.com/Ultimaker/Cura	72521b78f085	resources/meshes/printrbot_play.3mf	1790	a4fab379371999bc	3mf	zip32	no	-	-	import (refuse OBJ polygons by policy)	imported	1	108
REAL PRODUCER-AUTHORED	github.com/Ultimaker/Cura	72521b78f085	resources/meshes/printrbot_simple_metal_platform.3mf	5010	c984e700e052a0ad	3mf	zip32	no	-	-	import (refuse OBJ polygons by policy)	imported	1	664
REAL PRODUCER-AUTHORED	github.com/Ultimaker/Cura	72521b78f085	resources/meshes/printrbot_simple_metal_upgrade.3mf	13157	a6d2565f326190ae	3mf	zip32	no	-	-	import (refuse OBJ polygons by policy)	imported	1	1960
REAL PRODUCER-AUTHORED	github.com/Ultimaker/Cura	72521b78f085	resources/meshes/prusai3_platform.3mf	20601	307d82951df8bf4c	3mf	zip32	no	-	-	import (refuse OBJ polygons by policy)	imported	1	2684
REAL PRODUCER-AUTHORED	github.com/Ultimaker/Cura	72521b78f085	resources/meshes/prusai3_xl_platform.3mf	24464	7bd0fe017ea9378e	3mf	zip32	no	-	-	import (refuse OBJ polygons by policy)	imported	1	3076
REAL PRODUCER-AUTHORED	github.com/Ultimaker/Cura	72521b78f085	resources/meshes/ratrig_vcore3_200.stl	290784	d1a99af65c7c0f4b	stl	-	-	-	-	import (refuse OBJ polygons by policy)	imported	1	5814
REAL PRODUCER-AUTHORED	github.com/Ultimaker/Cura	72521b78f085	resources/meshes/ratrig_vcore3_300.stl	250084	dd72e128471e60c6	stl	-	-	-	-	import (refuse OBJ polygons by policy)	imported	1	5000
REAL PRODUCER-AUTHORED	github.com/Ultimaker/Cura	72521b78f085	resources/meshes/ratrig_vcore3_400.stl	250084	9c426d7489e89265	stl	-	-	-	-	import (refuse OBJ polygons by policy)	imported	1	5000
REAL PRODUCER-AUTHORED	github.com/Ultimaker/Cura	72521b78f085	resources/meshes/ratrig_vcore3_500.stl	250084	3663bcef6eb473b7	stl	-	-	-	-	import (refuse OBJ polygons by policy)	imported	1	5000
REAL PRODUCER-AUTHORED	github.com/Ultimaker/Cura	72521b78f085	resources/meshes/ratrig_vminion.stl	45784	dd4d1a69725d3fb1	stl	-	-	-	-	import (refuse OBJ polygons by policy)	imported	1	914
REAL PRODUCER-AUTHORED	github.com/Ultimaker/Cura	72521b78f085	resources/meshes/rigid3d_mucit2_platform.3mf	25715	3799963123c86a47	3mf	zip32	no	-	-	import (refuse OBJ polygons by policy)	imported	2	1248
REAL PRODUCER-AUTHORED	github.com/Ultimaker/Cura	72521b78f085	resources/meshes/rigid3d_mucit_platform.3mf	59577	bc5241c00cca7d31	3mf	zip32	no	-	-	import (refuse OBJ polygons by policy)	imported	1	6252
REAL PRODUCER-AUTHORED	github.com/Ultimaker/Cura	72521b78f085	resources/meshes/rigid3d_zero2_platform.3mf	122836	828bbdcc3609749f	3mf	zip32	no	-	-	import (refuse OBJ polygons by policy)	imported	1	18850
REAL PRODUCER-AUTHORED	github.com/Ultimaker/Cura	72521b78f085	resources/meshes/rigid3d_zero3_platform.3mf	42046	1222821a766fe5be	3mf	zip32	no	-	-	import (refuse OBJ polygons by policy)	imported	2	2776
REAL PRODUCER-AUTHORED	github.com/Ultimaker/Cura	72521b78f085	resources/meshes/rigidbot_platform.3mf	113366	908feef5c5d5959e	3mf	zip32	no	-	-	import (refuse OBJ polygons by policy)	imported	1	13069
REAL PRODUCER-AUTHORED	github.com/Ultimaker/Cura	72521b78f085	resources/meshes/rigidbotbig_platform.3mf	141320	3ac366d78b2550b1	3mf	zip32	no	-	-	import (refuse OBJ polygons by policy)	imported	1	16236
REAL PRODUCER-AUTHORED	github.com/Ultimaker/Cura	72521b78f085	resources/meshes/rostock_platform.3mf	138743	aae9edf5896fb9ad	3mf	zip32	no	-	-	import (refuse OBJ polygons by policy)	imported	1	17436
REAL PRODUCER-AUTHORED	github.com/Ultimaker/Cura	72521b78f085	resources/meshes/sapphireplus_platform.stl	19884	0db560866056561f	stl	-	-	-	-	import (refuse OBJ polygons by policy)	imported	1	396
REAL PRODUCER-AUTHORED	github.com/Ultimaker/Cura	72521b78f085	resources/meshes/sapphirepro_platform.stl	19884	570e73bc1962f2b8	stl	-	-	-	-	import (refuse OBJ polygons by policy)	imported	1	396
REAL PRODUCER-AUTHORED	github.com/Ultimaker/Cura	72521b78f085	resources/meshes/skriware_2_platform.3mf	110241	fdcf46e8c9757a2d	3mf	zip32	no	-	-	import (refuse OBJ polygons by policy)	imported	1	13184
REAL PRODUCER-AUTHORED	github.com/Ultimaker/Cura	72521b78f085	resources/meshes/sovol_sv08_buildplate_model.stl	454884	94e654892ac38c5f	stl	-	-	-	-	import (refuse OBJ polygons by policy)	imported	1	9096
REAL PRODUCER-AUTHORED	github.com/Ultimaker/Cura	72521b78f085	resources/meshes/stereotech_start.3mf	116556	ebd408427647494d	3mf	zip32	no	-	-	import (refuse OBJ polygons by policy)	imported	1	16062
REAL PRODUCER-AUTHORED	github.com/Ultimaker/Cura	72521b78f085	resources/meshes/stereotech_ste320_platform.obj	285262	7f5a60cf29b31399	obj	-	-	-	-	import (refuse OBJ polygons by policy)	imported	1	9074
REAL PRODUCER-AUTHORED	github.com/Ultimaker/Cura	72521b78f085	resources/meshes/tam_series1.3mf	38287	859014e450f1a85c	3mf	zip32	no	-	-	import (refuse OBJ polygons by policy)	imported	1	4764
REAL PRODUCER-AUTHORED	github.com/Ultimaker/Cura	72521b78f085	resources/meshes/tank_m.obj	772	5e5be08702409e57	obj	-	-	-	-	import (refuse OBJ polygons by policy)	UNSUPPORTED_FILE/OBJ_POLYGON_UNSUPPORTED	-	-
REAL PRODUCER-AUTHORED	github.com/Ultimaker/Cura	72521b78f085	resources/meshes/tevo_blackwidow.3mf	134933	707f11c57268559d	3mf	zip32	no	-	-	import (refuse OBJ polygons by policy)	imported	1	17322
REAL PRODUCER-AUTHORED	github.com/Ultimaker/Cura	72521b78f085	resources/meshes/tevo_tarantula_pro_platform.3mf	5182	1b757f187662abcc	3mf	zip32	no	-	-	import (refuse OBJ polygons by policy)	imported	1	372
REAL PRODUCER-AUTHORED	github.com/Ultimaker/Cura	72521b78f085	resources/meshes/tinyboy_fabrikator15.stl	37084	d12e52f0d75f7c05	stl	-	-	-	-	import (refuse OBJ polygons by policy)	imported	1	740
REAL PRODUCER-AUTHORED	github.com/Ultimaker/Cura	72521b78f085	resources/meshes/tinyboy_ra20.obj	195129	b1402e462027ca09	obj	-	-	-	-	import (refuse OBJ polygons by policy)	imported	1	6144
REAL PRODUCER-AUTHORED	github.com/Ultimaker/Cura	72521b78f085	resources/meshes/tizyx_k25_platform.3mf	9082	4a20f3d9034599ca	3mf	zip32	no	-	-	import (refuse OBJ polygons by policy)	imported	1	1276
REAL PRODUCER-AUTHORED	github.com/Ultimaker/Cura	72521b78f085	resources/meshes/trimaker_cosmosII_platform.stl	643384	c6419c25d5bd1cdf	stl	-	-	-	-	import (refuse OBJ polygons by policy)	imported	1	12866
REAL PRODUCER-AUTHORED	github.com/Ultimaker/Cura	72521b78f085	resources/meshes/trimaker_nebula_platform.stl	992684	2a601f3ea9df4264	stl	-	-	-	-	import (refuse OBJ polygons by policy)	imported	1	19852
REAL PRODUCER-AUTHORED	github.com/Ultimaker/Cura	72521b78f085	resources/meshes/tronxy.stl	432684	96b7df5f316d2f31	stl	-	-	-	-	import (refuse OBJ polygons by policy)	imported	1	8652
REAL PRODUCER-AUTHORED	github.com/Ultimaker/Cura	72521b78f085	resources/meshes/twotrees235x235_generic.stl	15884	de17322012fc2ae3	stl	-	-	-	-	import (refuse OBJ polygons by policy)	imported	1	316
REAL PRODUCER-AUTHORED	github.com/Ultimaker/Cura	72521b78f085	resources/meshes/twotrees300x300_generic.stl	15884	2057ef6c4ee5151f	stl	-	-	-	-	import (refuse OBJ polygons by policy)	imported	1	316
REAL PRODUCER-AUTHORED	github.com/Ultimaker/Cura	72521b78f085	resources/meshes/twotrees_platform.stl	84484	79961deb30004dd4	stl	-	-	-	-	import (refuse OBJ polygons by policy)	imported	1	1688
REAL PRODUCER-AUTHORED	github.com/Ultimaker/Cura	72521b78f085	resources/meshes/ultimaker2_platform.obj	285370	d15e3ada8d6b1e5d	obj	-	-	-	-	import (refuse OBJ polygons by policy)	imported	1	6192
REAL PRODUCER-AUTHORED	github.com/Ultimaker/Cura	72521b78f085	resources/meshes/ultimaker2_plus_connect_platform.obj	385520	26855cf7ce0fb30d	obj	-	-	-	-	import (refuse OBJ polygons by policy)	imported	1	9937
REAL PRODUCER-AUTHORED	github.com/Ultimaker/Cura	72521b78f085	resources/meshes/ultimaker2go_platform.obj	267382	276fcc4e3daedfdf	obj	-	-	-	-	import (refuse OBJ polygons by policy)	imported	1	6024
REAL PRODUCER-AUTHORED	github.com/Ultimaker/Cura	72521b78f085	resources/meshes/ultimaker3_platform.obj	719213	5c338014406ec0d9	obj	-	-	-	-	import (refuse OBJ polygons by policy)	imported	1	20456
REAL PRODUCER-AUTHORED	github.com/Ultimaker/Cura	72521b78f085	resources/meshes/ultimaker_factor4_platform.obj	406894	4522d3282f023ea8	obj	-	-	-	-	import (refuse OBJ polygons by policy)	UNSUPPORTED_FILE/OBJ_POLYGON_UNSUPPORTED	-	-
REAL PRODUCER-AUTHORED	github.com/Ultimaker/Cura	72521b78f085	resources/meshes/ultimaker_method_platform.stl	361684	58c0d7972574254c	stl	-	-	-	-	import (refuse OBJ polygons by policy)	imported	1	7232
REAL PRODUCER-AUTHORED	github.com/Ultimaker/Cura	72521b78f085	resources/meshes/ultimaker_method_xl_platform.stl	920084	a34041b85ba98ef8	stl	-	-	-	-	import (refuse OBJ polygons by policy)	imported	1	18400
REAL PRODUCER-AUTHORED	github.com/Ultimaker/Cura	72521b78f085	resources/meshes/ultimaker_platform.3mf	27504	e03ae5566085c962	3mf	zip32	no	-	-	import (refuse OBJ polygons by policy)	imported	1	3484
REAL PRODUCER-AUTHORED	github.com/Ultimaker/Cura	72521b78f085	resources/meshes/ultimaker_replicator_plus_platform.obj	222390	1491ff45673cba56	obj	-	-	-	-	import (refuse OBJ polygons by policy)	imported	1	1472
REAL PRODUCER-AUTHORED	github.com/Ultimaker/Cura	72521b78f085	resources/meshes/ultimaker_s3_platform.obj	152012	978d64ce42c059cf	obj	-	-	-	-	import (refuse OBJ polygons by policy)	imported	1	4024
REAL PRODUCER-AUTHORED	github.com/Ultimaker/Cura	72521b78f085	resources/meshes/ultimaker_s5_platform.obj	412823	4817539b9f770fe4	obj	-	-	-	-	import (refuse OBJ polygons by policy)	imported	1	10204
REAL PRODUCER-AUTHORED	github.com/Ultimaker/Cura	72521b78f085	resources/meshes/ultimaker_s7_platform.obj	406894	4522d3282f023ea8	obj	-	-	-	-	import (refuse OBJ polygons by policy)	UNSUPPORTED_FILE/OBJ_POLYGON_UNSUPPORTED	-	-
REAL PRODUCER-AUTHORED	github.com/Ultimaker/Cura	72521b78f085	resources/meshes/ultimaker_sketch_large_platform.obj	381947	c2f3c271098ec89b	obj	-	-	-	-	import (refuse OBJ polygons by policy)	imported	16	11432
REAL PRODUCER-AUTHORED	github.com/Ultimaker/Cura	72521b78f085	resources/meshes/ultimaker_sketch_platform.obj	587604	fc362e684687bb86	obj	-	-	-	-	import (refuse OBJ polygons by policy)	imported	4	17808
REAL PRODUCER-AUTHORED	github.com/Ultimaker/Cura	72521b78f085	resources/meshes/ultimaker_sketch_sprint_platform.obj	159958	87da8668b94dc2e8	obj	-	-	-	-	import (refuse OBJ polygons by policy)	UNSUPPORTED_FILE/OBJ_POLYGON_UNSUPPORTED	-	-
REAL PRODUCER-AUTHORED	github.com/Ultimaker/Cura	72521b78f085	resources/meshes/uni_200_platform.stl	132984	9f5b7b0b881a86fe	stl	-	-	-	-	import (refuse OBJ polygons by policy)	imported	1	2658
REAL PRODUCER-AUTHORED	github.com/Ultimaker/Cura	72521b78f085	resources/meshes/uni_250_platform.stl	226284	ecf1ec395242e2e2	stl	-	-	-	-	import (refuse OBJ polygons by policy)	imported	1	4524
REAL PRODUCER-AUTHORED	github.com/Ultimaker/Cura	72521b78f085	resources/meshes/uni_300_platform.stl	219784	fe55a5d01a1fdbe1	stl	-	-	-	-	import (refuse OBJ polygons by policy)	imported	1	4394
REAL PRODUCER-AUTHORED	github.com/Ultimaker/Cura	72521b78f085	resources/meshes/uni_mini_platform.stl	119284	f65c1c143dbdc982	stl	-	-	-	-	import (refuse OBJ polygons by policy)	imported	1	2384
REAL PRODUCER-AUTHORED	github.com/Ultimaker/Cura	72521b78f085	resources/meshes/uni_print_3d_platform.3mf	1187	a41d9a5a865d2933	3mf	zip32	no	-	-	import (refuse OBJ polygons by policy)	imported	1	12
REAL PRODUCER-AUTHORED	github.com/Ultimaker/Cura	72521b78f085	resources/meshes/vivedino_trex.stl	480984	61ec26b6f71032c2	stl	-	-	-	-	import (refuse OBJ polygons by policy)	imported	1	9618
REAL PRODUCER-AUTHORED	github.com/Ultimaker/Cura	72521b78f085	resources/meshes/voron0_120_bed.stl	686484	7ef38aca2f7c5f6a	stl	-	-	-	-	import (refuse OBJ polygons by policy)	imported	1	13728
REAL PRODUCER-AUTHORED	github.com/Ultimaker/Cura	72521b78f085	resources/meshes/voron2_250_bed.3mf	131748	4a100860fc185ff4	3mf	zip32	no	-	-	import (refuse OBJ polygons by policy)	imported	1	20648
REAL PRODUCER-AUTHORED	github.com/Ultimaker/Cura	72521b78f085	resources/meshes/voron2_300_bed.3mf	132309	34e5ad2bed9aa2aa	3mf	zip32	no	-	-	import (refuse OBJ polygons by policy)	imported	1	20772
REAL PRODUCER-AUTHORED	github.com/Ultimaker/Cura	72521b78f085	resources/meshes/voron2_350_bed.3mf	132104	df6c0779d1a11efd	3mf	zip32	no	-	-	import (refuse OBJ polygons by policy)	imported	1	20806
REAL PRODUCER-AUTHORED	github.com/Ultimaker/Cura	72521b78f085	resources/meshes/voron_trident_250mm_bed_model.stl	24084	fe749b9da0ce901d	stl	-	-	-	-	import (refuse OBJ polygons by policy)	imported	1	480
REAL PRODUCER-AUTHORED	github.com/Ultimaker/Cura	72521b78f085	resources/meshes/voron_trident_300mm_bed_model.stl	24084	335756154d192756	stl	-	-	-	-	import (refuse OBJ polygons by policy)	imported	1	480
REAL PRODUCER-AUTHORED	github.com/Ultimaker/Cura	72521b78f085	resources/meshes/voron_trident_350mm_bed_model.stl	24084	8535af658e4dfe48	stl	-	-	-	-	import (refuse OBJ polygons by policy)	imported	1	480
REAL PRODUCER-AUTHORED	github.com/Ultimaker/Cura	72521b78f085	resources/meshes/vzbot_235_bed.stl	682384	e235405a938499e1	stl	-	-	-	-	import (refuse OBJ polygons by policy)	imported	1	13646
REAL PRODUCER-AUTHORED	github.com/Ultimaker/Cura	72521b78f085	resources/meshes/vzbot_330_bed.stl	1003984	1092fb4f3282d3e8	stl	-	-	-	-	import (refuse OBJ polygons by policy)	imported	1	20078
REAL PRODUCER-AUTHORED	github.com/Ultimaker/Cura	72521b78f085	resources/meshes/wanhao_110_110_platform.obj	282471	ff7ce92848212de7	obj	-	-	-	-	import (refuse OBJ polygons by policy)	imported	1	10226
REAL PRODUCER-AUTHORED	github.com/Ultimaker/Cura	72521b78f085	resources/meshes/wanhao_150_150_platform.obj	283701	cef52ad1e05de2d4	obj	-	-	-	-	import (refuse OBJ polygons by policy)	imported	1	10226
REAL PRODUCER-AUTHORED	github.com/Ultimaker/Cura	72521b78f085	resources/meshes/wanhao_200_200_platform.obj	290278	04926b5764812de7	obj	-	-	-	-	import (refuse OBJ polygons by policy)	imported	1	10226
REAL PRODUCER-AUTHORED	github.com/Ultimaker/Cura	72521b78f085	resources/meshes/wanhao_225_145_platform.obj	287130	5792f4899330c499	obj	-	-	-	-	import (refuse OBJ polygons by policy)	imported	1	10226
REAL PRODUCER-AUTHORED	github.com/Ultimaker/Cura	72521b78f085	resources/meshes/wanhao_300_200_platform.obj	290891	22aa71661f00f1e7	obj	-	-	-	-	import (refuse OBJ polygons by policy)	imported	1	10226
REAL PRODUCER-AUTHORED	github.com/Ultimaker/Cura	72521b78f085	resources/meshes/wanhao_300_300_platform.obj	717306	91bb8931707fbe90	obj	-	-	-	-	import (refuse OBJ polygons by policy)	imported	1	20456
REAL PRODUCER-AUTHORED	github.com/Ultimaker/Cura	72521b78f085	resources/meshes/weedo_x40.3mf	977189	d9feaa6eeef51061	3mf	zip32	no	-	-	import (refuse OBJ polygons by policy)	imported	1	55668
REAL PRODUCER-AUTHORED	github.com/Ultimaker/Cura	72521b78f085	resources/meshes/z-bolt_classic_platform.3mf	8815	48c1e871848b8910	3mf	zip32	no	-	-	import (refuse OBJ polygons by policy)	imported	1	1236
REAL PRODUCER-AUTHORED	github.com/Ultimaker/Cura	72521b78f085	resources/meshes/z-bolt_plus_platform.3mf	8866	8e9f4530145a91cd	3mf	zip32	no	-	-	import (refuse OBJ polygons by policy)	imported	1	1134
REAL PRODUCER-AUTHORED	github.com/Ultimaker/Cura	72521b78f085	resources/meshes/zav_big.stl	786484	4ddc7edb0e6a166d	stl	-	-	-	-	import (refuse OBJ polygons by policy)	imported	1	15728
REAL PRODUCER-AUTHORED	github.com/Ultimaker/Cura	72521b78f085	resources/meshes/zav_bigplus.stl	786484	4ddc7edb0e6a166d	stl	-	-	-	-	import (refuse OBJ polygons by policy)	imported	1	15728
REAL PRODUCER-AUTHORED	github.com/Ultimaker/Cura	72521b78f085	resources/meshes/zav_l.stl	805684	b50877bf299962ae	stl	-	-	-	-	import (refuse OBJ polygons by policy)	imported	1	16112
REAL PRODUCER-AUTHORED	github.com/Ultimaker/Cura	72521b78f085	resources/meshes/zav_max.stl	805684	b50877bf299962ae	stl	-	-	-	-	import (refuse OBJ polygons by policy)	imported	1	16112
REAL PRODUCER-AUTHORED	github.com/Ultimaker/Cura	72521b78f085	resources/meshes/zav_maxpro.stl	844984	1207211ddd9b698e	stl	-	-	-	-	import (refuse OBJ polygons by policy)	imported	1	16898
REAL PRODUCER-AUTHORED	github.com/Ultimaker/Cura	72521b78f085	resources/meshes/zav_mini.stl	860284	abb86c55c4268cf0	stl	-	-	-	-	import (refuse OBJ polygons by policy)	imported	1	17204
REAL PRODUCER-AUTHORED	github.com/Ultimaker/Cura	72521b78f085	resources/meshes/zyyx_platform.3mf	46431	20cb53b7e555f4e8	3mf	zip32	no	-	-	import (refuse OBJ polygons by policy)	imported	1	6598
REAL PRODUCER-AUTHORED	github.com/Ultimaker/Cura	72521b78f085	resources/meshes/zyyx_pro_platform.stl	104184	b81e48647bb12968	stl	-	-	-	-	import (refuse OBJ polygons by policy)	imported	1	2082
